<?xml version='1.0'?>
<sales xmlns:HTML="http://www.w3.org/Profiles/XHTML-transitional">
    <product id='Travel'>
        <revenue>60</revenue>
        <growth>8</growth>
    </product>
    <product id='Communications'>
        <revenue>45</revenue>
        <growth>-7.8</growth>
    </product>
    <product id='Deception'>
        <revenue>10</revenue>
        <growth>9</growth>
    </product>
    <product id='Munitions'>
        <revenue>4</revenue>
        <growth>-3</growth>
    </product>
</sales>